No.,Population
1,55628
2,77122
3,57182
4,40494
5,35114
6,103050
7,70492
8,105481
9,11525
10,38303
11,26216
12,19596
13,17559
14,48396
15,63020
16,51940
17,43147
18,14401
19,78116
20,24062
21,36257
22,71665
23,54165
24,87781
25,96557
26,17433
27,19992
28,67881
29,34794
30,71399
31,33751
32,42298
33,28795
34,13890
35,20291
36,6799
37,2567
38,24589
39,19116
40,12707
41,29456
42,24425
43,53971
44,31710
45,9458
46,27300
47,2527
48,13088
49,38816
50,6820
51,14105
52,21724
53,26104
54,7262
55,10027
56,35439
57,14196
58,45053
59,15923
60,33702
61,43628
62,18394
63,39540
64,24473
65,33662
66,55931
67,29647
68,24369
69,31471
70,41098
71,44878
72,20027
73,25065
74,18628
75,21186
76,13418
77,56296
